PipelineID;Pipeline;test_acc_mean;test_prec_mean;test_recall_mean;test_f1-score_mean;acc_overall;prec_overall;recall_overall;f1-score_overall;train_set;validation_set;preprocessing
1_General;LR_Count_Vectors_RandomUnder;0.7807050150324811;0.8143148841918583;0.8503803979621141;0.8125477968200286;0.5670103092783505;0.5719557195571956;0.5326460481099656;0.5516014234875446;merged_abstracts_somef_data_train_readme_train.csv;readme_test.csv;
1_Audio;SVC_TFIDF_RandomUnder;0.9087388801674516;0.8893478661764448;0.9692615190406059;0.9217043404646986;0.94;0.9583333333333334;0.92;0.9387755102040817;merged_abstracts_somef_data_train_readme_train.csv;readme_test.csv;Preprocessed
1_Computer Vision;SVC_TFIDF_RandomUnder;0.8511594764174604;0.8633715962356552;0.9020138609105277;0.8698512544969038;0.7107712765957447;0.6949569495694957;0.7513297872340425;0.7220447284345047;merged_abstracts_somef_data_train_readme_train.csv;readme_test.csv;Preprocessed
1_Graphs;SVC_TFIDF_RandomUnder;0.8987261775451761;0.87991240955899;0.967571466037241;0.9140080201095551;0.890625;0.8378378378378378;0.96875;0.8985507246376812;merged_abstracts_somef_data_train_readme_train.csv;readme_test.csv;Preprocessed
1_Natural Language Processing;LR_TFIDF_RandomUnder;0.8859767501800903;0.8691650587298604;0.9423944338869757;0.8984935449945317;0.8722222222222222;0.8764044943820225;0.8666666666666667;0.8715083798882682;merged_abstracts_somef_data_train_readme_train.csv;readme_test.csv;Preprocessed
1_Reinforcement Learning;SVC_TFIDF_RandomUnder;0.929426433915212;0.9466345433686504;0.912219451371571;0.925242335413766;0.96875;0.9591836734693877;0.9791666666666666;0.9690721649484536;merged_abstracts_somef_data_train_readme_train.csv;readme_test.csv;Preprocessed
1_Sequential;SVC_TFIDF_RandomUnder;0.8890227200240146;0.9182663784439031;0.8540101750710759;0.8766465661818096;0.8111111111111111;0.868421052631579;0.7333333333333333;0.7951807228915663;merged_abstracts_somef_data_train_readme_train.csv;readme_test.csv;Preprocessed
