PipelineID;Pipeline;test_acc_mean;test_prec_mean;test_recall_mean;test_f1-score_mean;acc_overall;prec_overall;recall_overall;f1-score_overall;train_set;validation_set;preprocessing
Natural Language Processing;Linear_SVC_TFIDF_RandomUnder;0.8888452474469757;0.8866760877692748;0.9130434782608695;0.8974408835327088;0.8744158878504673;0.44807121661721067;0.8388888888888889;0.5841392649903288;data/readme_preprocessed_train.csv;data/readme_preprocessed_test.csv;Preprocessed
Computer Vision;Linear_SVC_TFIDF_RandomUnder;0.9199739039665971;0.92466054781426;0.9641509433962263;0.9425922267874569;0.7085280373831776;0.6065711878685762;0.9574468085106383;0.7426508509541001;data/readme_preprocessed_train.csv;data/readme_preprocessed_test.csv;Preprocessed
Sequential;Linear_SVC_TFIDF_RandomUnder;0.6344827586206897;0.606060116354234;0.7714285714285715;0.6715818219383584;0.8399532710280374;0.08363636363636363;0.5111111111111111;0.14375;data/readme_preprocessed_train.csv;data/readme_preprocessed_test.csv;Preprocessed
Audio;RandomForestClassifier_TFIDF_RandomUnder;0.8607843137254901;0.885;0.8305555555555555;0.850578898225957;0.9643691588785047;0.25675675675675674;0.76;0.3838383838383838;data/readme_preprocessed_train.csv;data/readme_preprocessed_test.csv;Preprocessed
Graphs;Linear_SVC_TFIDF_RandomUnder;0.9209302325581395;0.9234285714285715;0.9238095238095237;0.9212613473483039;0.9643691588785047;0.3253012048192771;0.84375;0.4695652173913043;data/readme_preprocessed_train.csv;data/readme_preprocessed_test.csv;Preprocessed
Reinforcement Learning;Linear_SVC_TFIDF_RandomUnder;0.9738317757009346;0.9823824451410659;0.9670707070707071;0.9741560826883919;0.9661214953271028;0.6532258064516129;0.84375;0.7363636363636363;data/readme_preprocessed_train.csv;data/readme_preprocessed_test.csv;Preprocessed
