PipelineID;Pipeline;test_acc_mean;test_prec_mean;test_recall_mean;test_f1-score_mean;acc_overall;prec_overall;recall_overall;f1-score_overall;train_set;validation_set;preprocessing
1_General;SVC_Count_Vectors_RandomUnder;0.7774742337163991;0.7809332668729472;0.8770710229571558;0.8130702477190825;0.5489690721649485;0.5435114503816794;0.6116838487972509;0.5755860953920776;merged_abstracts_somef_data_train_readme_train.csv;somef_data_test.csv;Preprocessed
1_Audio;SVC_TFIDF_RandomUnder;0.8923495552066981;0.884875043439267;0.9446244477172312;0.9064674220539788;0.72;0.7037037037037037;0.76;0.7307692307692308;merged_abstracts_somef_data_train_readme_train.csv;somef_data_test.csv;Preprocessed
1_Computer Vision;SVC_TFIDF_RandomUnder;0.8525825796108373;0.8630714370340057;0.9028265978657245;0.8710069745652609;0.6216755319148937;0.6050516647531573;0.7007978723404256;0.6494146642020949;merged_abstracts_somef_data_train_readme_train.csv;somef_data_test.csv;Preprocessed
1_Graphs;SGDClassifier_Count_Vectors_RandomUnder;0.9205720680688587;0.9144732339539423;0.9415945449777079;0.9248643787994821;0.6875;0.6764705882352942;0.71875;0.696969696969697;merged_abstracts_somef_data_train_readme_train.csv;somef_data_test.csv;Preprocessed
1_Natural Language Processing;SVC_TFIDF_RandomUnder;0.9063169280453982;0.8991450296005835;0.936752924369822;0.9133678015377568;0.7888888888888889;0.7857142857142857;0.7944444444444444;0.7900552486187845;merged_abstracts_somef_data_train_readme_train.csv;somef_data_test.csv;Preprocessed
1_Reinforcement Learning;SGDClassifier_TFIDF_RandomUnder;0.9381546134663342;0.9737256368974668;0.9022443890274314;0.9295940461990831;0.796875;0.7938144329896907;0.8020833333333334;0.7979274611398963;merged_abstracts_somef_data_train_readme_train.csv;somef_data_test.csv;Preprocessed
1_Sequential;SVC_TFIDF_RandomUnder;0.8914842123037092;0.9260611819769101;0.8515561873410146;0.8795566977764808;0.6777777777777778;0.7105263157894737;0.6;0.6506024096385543;merged_abstracts_somef_data_train_readme_train.csv;somef_data_test.csv;Preprocessed
