PipelineID;Pipeline;test_acc_mean;test_prec_mean;test_recall_mean;test_f1-score_mean;acc_overall;prec_overall;recall_overall;f1-score_overall;train_set;validation_set;preprocessing
1_General;SGDClassifier_TFIDF_RandomUnder;0.8437825332562175;0.8772063271695828;0.875534991324465;0.8626795985685582;0.5472508591065293;0.5729442970822282;0.3711340206185567;0.4504692387904067;merged_abstracts_train_somef_data_train.csv;somef_data_test.csv;Preprocessed
1_Audio;SVC_TFIDF_RandomUnder;0.8863636363636364;0.8633991507022687;0.9484848484848485;0.8981227005997322;0.78;0.7692307692307693;0.8;0.7843137254901961;merged_abstracts_train_somef_data_train.csv;somef_data_test.csv;Preprocessed
1_Computer Vision;SVC_TFIDF_RandomUnder;0.8861569455663538;0.9016745567056459;0.8697970417357105;0.8718674770091898;0.6349734042553191;0.6176129779837776;0.7087765957446809;0.6600619195046441;merged_abstracts_train_somef_data_train.csv;somef_data_test.csv;Preprocessed
1_Graphs;SGDClassifier_Count_Vectors_RandomUnder;0.9051367145227618;0.9174497405473016;0.9016924842226046;0.9071910092325706;0.6875;0.7;0.65625;0.6774193548387096;merged_abstracts_train_somef_data_train.csv;somef_data_test.csv;Preprocessed
1_Natural Language Processing;SVC_TFIDF_RandomUnder;0.9077983669877279;0.9040416887751264;0.9350182656430093;0.9144328359370096;0.7166666666666667;0.7294117647058823;0.6888888888888889;0.7085714285714285;merged_abstracts_train_somef_data_train.csv;somef_data_test.csv;Preprocessed
1_Reinforcement Learning;SGDClassifier_Count_Vectors_RandomUnder;0.9413796986256002;0.9524959355625287;0.9301154611811546;0.9380730145561709;0.796875;0.8064516129032258;0.78125;0.7936507936507936;merged_abstracts_train_somef_data_train.csv;somef_data_test.csv;Preprocessed
1_Sequential;LR_Count_Vectors_RandomUnder;0.858318183739906;0.870865119661892;0.8434590553856609;0.8484323821513089;0.6777777777777778;0.6428571428571429;0.8;0.7128712871287128;merged_abstracts_train_somef_data_train.csv;somef_data_test.csv;Preprocessed
