PipelineID;Pipeline;test_acc_mean;test_prec_mean;test_recall_mean;test_f1-score_mean;acc_overall;prec_overall;recall_overall;f1-score_overall;train_set;validation_set;preprocessing
1_General;LR_TFIDF_RandomUnder;0.6340217496531028;0.6489868598132107;0.5846204254926393;0.6149614693790562;0.6348797250859106;0.656686626746507;0.5652920962199313;0.6075715604801478;readme_train.csv;readme_test.csv;Preprocessed
1_Audio;SVC_TFIDF_RandomUnder;0.9009756097560976;0.9248412698412698;0.871904761904762;0.8952803835730665;0.92;1.0;0.84;0.9130434782608696;readme_train.csv;readme_test.csv;Preprocessed
1_Computer Vision;SVC_TFIDF_RandomUnder;0.7594819108634404;0.785578568363083;0.7142431495679957;0.7478119187490837;0.7533244680851063;0.7725321888412017;0.7180851063829787;0.744314266023432;readme_train.csv;readme_test.csv;Preprocessed
1_Graphs;SVC_TFIDF_RandomUnder;0.9407058823529411;0.8996300416100194;1.0;0.9456973145652391;0.9375;0.9117647058823529;0.96875;0.9393939393939394;readme_train.csv;readme_test.csv;Preprocessed
1_Natural Language Processing;SVC_TFIDF_RandomUnder;0.8944444444444445;0.9137538445452;0.8722222222222221;0.8916260751780183;0.8777777777777778;0.8953488372093024;0.8555555555555555;0.875;readme_train.csv;readme_test.csv;Preprocessed
1_Reinforcement Learning;RandomForestClassifier_TFIDF_RandomUnder;0.9557168321874204;0.9466924741924743;0.9661312371838686;0.9562101442150753;0.9479166666666666;0.93;0.96875;0.9489795918367346;readme_train.csv;readme_test.csv;Preprocessed
1_Sequential;SVC_TFIDF_RandomUnder;0.8565068493150685;0.8215634421569472;0.9172672672672672;0.8654599736070884;0.8666666666666667;0.851063829787234;0.8888888888888888;0.8695652173913044;readme_train.csv;readme_test.csv;Preprocessed
