PipelineID;Pipeline;test_acc_mean;test_prec_mean;test_recall_mean;test_f1-score_mean;acc_overall;prec_overall;recall_overall;f1-score_overall;train_set;validation_set;preprocessing
1_General;SVC_TFIDF_RandomUnder;0.5680886766271902;0.5659305597757095;0.582487424431215;0.5739999143895431;0.5721649484536082;0.5709459459459459;0.5807560137457045;0.575809199318569;somef_data_train.csv;somef_data_test.csv;Preprocessed
1_Audio;SVC_TFIDF_RandomUnder;0.791829268292683;0.7303553113553113;0.93;0.8176100972724469;0.72;0.6666666666666666;0.88;0.7586206896551725;somef_data_train.csv;somef_data_test.csv;Preprocessed
1_Computer Vision;SVC_Count_Vectors_RandomUnder;0.6465389493542903;0.6114754016587295;0.8053902410710831;0.6950218125902763;0.6256648936170213;0.5936570862239842;0.7965425531914894;0.6802952867688814;somef_data_train.csv;somef_data_test.csv;Preprocessed
1_Graphs;LR_TFIDF_RandomUnder;0.7793725490196077;0.74125;0.8673846153846153;0.7966288269693843;0.734375;0.6744186046511628;0.90625;0.7733333333333334;somef_data_train.csv;somef_data_test.csv;Preprocessed
1_Natural Language Processing;LR_TFIDF_RandomUnder;0.7513888888888889;0.7205846892146726;0.8222222222222222;0.7676488219371869;0.7583333333333333;0.7246376811594203;0.8333333333333334;0.7751937984496124;somef_data_train.csv;somef_data_test.csv;Preprocessed
1_Reinforcement Learning;SVC_TFIDF_RandomUnder;0.8541634835752483;0.8297847657960018;0.8931989063568011;0.8596385319844762;0.8645833333333334;0.8365384615384616;0.90625;0.87;somef_data_train.csv;somef_data_test.csv;Preprocessed
1_Sequential;SVC_TFIDF_RandomUnder;0.723820395738204;0.7423328947033077;0.696996996996997;0.7156493239296614;0.6666666666666666;0.6530612244897959;0.7111111111111111;0.6808510638297872;somef_data_train.csv;somef_data_test.csv;Preprocessed
