PipelineID;Pipeline;test_acc_mean;test_prec_mean;test_recall_mean;test_f1-score_mean;acc_overall;prec_overall;recall_overall;f1-score_overall;train_set;validation_set
1_Reinforcement Learning;LinearSVC_TFIDF_RandomUnder;0.9381546134663342;0.970545572760854;0.9052369077306732;0.930015858746612;0.9166666666666666;0.9081632653061225;0.9270833333333334;0.9175257731958762;merged_abstracts_somef_data_train_readme_train.csv;readme_test.csv
1_Computer Vision;AdaBoostClassifier_Count_Vectors_RandomUnder;0.8477794331950866;0.85327000764723;0.9133981828700117;0.8698825901902968;0.692154255319149;0.6799501867995019;0.726063829787234;0.702250803858521;merged_abstracts_somef_data_train_readme_train.csv;readme_test.csv
1_General;MultinomialNB_Count_Vectors_RandomUnder;0.7777129601490473;0.7799770731180138;0.8797003146315575;0.8143887186951467;0.5850515463917526;0.5792;0.6219931271477663;0.5998342999171499;merged_abstracts_somef_data_train_readme_train.csv;readme_test.csv
1_Graphs;LinearSVC_TFIDF_RandomUnder;0.9141107929297917;0.8988088954790129;0.9675845790715971;0.9258720039057693;0.890625;0.8571428571428571;0.9375;0.8955223880597014;merged_abstracts_somef_data_train_readme_train.csv;readme_test.csv
1_Natural Language Processing;MultinomialNB_Count_Vectors_RandomUnder;0.9052791234064488;0.8866477974416462;0.9486347061961808;0.9131731896641693;0.8722222222222222;0.8850574712643678;0.8555555555555555;0.8700564971751412;merged_abstracts_somef_data_train_readme_train.csv;readme_test.csv
1_Audio;SGDClassifier_TFIDF_RandomUnder;0.9046572475143904;0.8968521341015746;0.9467915001051967;0.9151971337705899;0.96;0.96;0.96;0.96;merged_abstracts_somef_data_train_readme_train.csv;readme_test.csv
1_Sequential;LinearSVC_TFIDF_RandomUnder;0.8835106283184182;0.9240060785258271;0.8368322609606464;0.8682507828527953;0.7333333333333333;0.8181818181818182;0.6;0.6923076923076923;merged_abstracts_somef_data_train_readme_train.csv;readme_test.csv
