PipelineID;Pipeline;test_acc_mean;test_prec_mean;test_recall_mean;test_f1-score_mean;acc_overall;prec_overall;recall_overall;f1-score_overall;train_set;validation_set
1_Reinforcement Learning;SGDClassifier_Count_Vectors_RandomUnder;0.9370140751780095;0.9480809149445099;0.9257544790975448;0.9335160310229458;0.8333333333333334;0.8809523809523809;0.7708333333333334;0.8222222222222222;merged_abstracts_train_somef_data_train.csv;somef_data_test.csv
1_Computer Vision;SGDClassifier_Count_Vectors_RandomUnder;0.8935250021276875;0.9011305827500642;0.8816597928210722;0.8826198387361099;0.6070478723404256;0.5957193816884662;0.6662234042553191;0.6290018832391714;merged_abstracts_train_somef_data_train.csv;somef_data_test.csv
1_General;LinearSVC_TFIDF_RandomUnder;0.8402544823597455;0.8758949752118506;0.8736842105263157;0.8597010753632748;0.5395189003436426;0.5493562231759657;0.43986254295532645;0.48854961832061067;merged_abstracts_train_somef_data_train.csv;somef_data_test.csv
1_Graphs;LinearSVC_TFIDF_RandomUnder;0.9050645696558691;0.8898713517665131;0.9592369477911646;0.9170492766927894;0.71875;0.7058823529411765;0.75;0.7272727272727272;merged_abstracts_train_somef_data_train.csv;somef_data_test.csv
1_Natural Language Processing;SGDClassifier_Count_Vectors_RandomUnder;0.9164281523492888;0.9258528558774284;0.9151077379905839;0.9182406762843591;0.725;0.7579617834394905;0.6611111111111111;0.7062314540059347;merged_abstracts_train_somef_data_train.csv;somef_data_test.csv
1_Audio;LinearSVC_Count_Vectors_RandomUnder;0.8939393939393939;0.8992553776611419;0.9;0.8962960020607011;0.74;0.75;0.72;0.7346938775510204;merged_abstracts_train_somef_data_train.csv;somef_data_test.csv
1_Sequential;SGDClassifier_Count_Vectors_RandomUnder;0.867488267872997;0.8806675713069391;0.8507645259938836;0.857489784564963;0.6111111111111112;0.5925925925925926;0.7111111111111111;0.6464646464646464;merged_abstracts_train_somef_data_train.csv;somef_data_test.csv
