PipelineID;Pipeline;test_acc_mean;test_prec_mean;test_recall_mean;test_f1-score_mean;acc_overall;prec_overall;recall_overall;f1-score_overall;train_set;validation_set
1_Reinforcement Learning;SGDClassifier_Count_Vectors_RandomUnder;0.9344139650872817;0.9405810774694837;0.9276807980049876;0.9319763477239278;0.796875;0.8275862068965517;0.75;0.7868852459016394;merged_abstracts_somef_data_train_readme_train.csv;somef_data_test.csv
1_Computer Vision;LinearSVC_TFIDF_RandomUnder;0.8518965007053865;0.8632997018997981;0.9027759139884919;0.8705299679307252;0.6256648936170213;0.6095017381228274;0.699468085106383;0.6513931888544893;merged_abstracts_somef_data_train_readme_train.csv;somef_data_test.csv
1_General;MultinomialNB_Count_Vectors_RandomUnder;0.776637556525541;0.7809258922282487;0.8761151649872037;0.8128386579116477;0.5420962199312714;0.5366218236173393;0.6168384879725086;0.5739408473221422;merged_abstracts_somef_data_train_readme_train.csv;somef_data_test.csv
1_Graphs;SGDClassifier_Count_Vectors_RandomUnder;0.9156940192883709;0.9125488786850671;0.9335169158143195;0.9203926821719506;0.75;0.7666666666666667;0.71875;0.7419354838709677;merged_abstracts_somef_data_train_readme_train.csv;somef_data_test.csv
1_Natural Language Processing;MultinomialNB_Count_Vectors_RandomUnder;0.9009717164641063;0.8831612189206464;0.9471470584344865;0.9099865378885672;0.7638888888888888;0.7486910994764397;0.7944444444444444;0.7708894878706198;merged_abstracts_somef_data_train_readme_train.csv;somef_data_test.csv
1_Audio;LinearSVC_TFIDF_RandomUnder;0.8954055468341183;0.8861959256080649;0.9526825163054913;0.9094533884174043;0.78;0.7692307692307693;0.8;0.7843137254901961;merged_abstracts_somef_data_train_readme_train.csv;somef_data_test.csv
1_Sequential;SGDClassifier_TFIDF_RandomUnder;0.877383163542898;0.9145257299059988;0.8355828220858896;0.8613850484042039;0.7555555555555555;0.7674418604651163;0.7333333333333333;0.7499999999999999;merged_abstracts_somef_data_train_readme_train.csv;somef_data_test.csv
