PipelineID;Pipeline;test_acc_mean;test_prec_mean;test_recall_mean;test_f1-score_mean;acc_overall;prec_overall;recall_overall;f1-score_overall;train_set;validation_set
1_Reinforcement Learning;MultinomialNB_TFIDF_RandomUnder;0.9570664629488158;0.9366802019608367;0.9818181818181818;0.9584309749454757;0.953125;0.9223300970873787;0.9895833333333334;0.9547738693467336;readme_train.csv;readme_test.csv
1_Computer Vision;SVC_Count_Vectors_RandomUnder;0.7485067143566486;0.7533126041580754;0.7391938131906401;0.74611413458165;0.7287234042553191;0.7362637362637363;0.7127659574468085;0.7243243243243244;readme_train.csv;readme_test.csv
1_General;LR_TFIDF_RandomUnder;0.6353079203219576;0.6490809541523577;0.5893580691310166;0.6176781876059567;0.6314432989690721;0.6451612903225806;0.584192439862543;0.6131650135256989;readme_train.csv;readme_test.csv
1_Graphs;LR_Count_Vectors_RandomUnder;0.952627450980392;0.9279693486590037;0.9843076923076923;0.9547062301779283;0.890625;0.8571428571428571;0.9375;0.8955223880597014;readme_train.csv;readme_test.csv
1_Natural Language Processing;RandomForestClassifier_Count_Vectors_RandomUnder;0.9020833333333332;0.9095322606761055;0.8930555555555555;0.9010455335756722;0.8666666666666667;0.8793103448275862;0.85;0.864406779661017;readme_train.csv;readme_test.csv
1_Audio;LinearSVC_TFIDF_RandomUnder;0.8909756097560976;0.8406935817805383;0.9704761904761904;0.8995436088459344;0.96;0.9259259259259259;1.0;0.9615384615384615;readme_train.csv;readme_test.csv
1_Sequential;MultinomialNB_TFIDF_RandomUnder;0.8538432267884323;0.8507500458463232;0.8623123123123122;0.8556727028839706;0.8444444444444444;0.8297872340425532;0.8666666666666667;0.8478260869565217;readme_train.csv;readme_test.csv
