PipelineID;Pipeline;test_acc_mean;test_prec_mean;test_recall_mean;test_f1-score_mean;acc_overall;prec_overall;recall_overall;f1-score_overall;train_set;validation_set
58_Audio;KNN_TFIDF_RandomUnder;0.9157317073170732;0.9294185553009082;0.9004761904761904;0.9128727223464066;0.92;0.9565217391304348;0.88;0.9166666666666666;readme_train.csv;readme_test.csv
13_Computer Vision;SVC_Count_Vectors_RandomUnder;0.7280463566541219;0.7371278513284686;0.7112591970193642;0.7231483736198298;0.7220744680851063;0.7250673854447439;0.7154255319148937;0.7202141900937082;readme_train.csv;readme_test.csv
31_Natural Language Processing;RandomForestClassifier_Count_Vectors_RandomUnder;0.8819444444444444;0.8958776210268631;0.8652777777777778;0.8799709437450286;0.8722222222222222;0.9085365853658537;0.8277777777777777;0.8662790697674418;readme_train.csv;readme_test.csv
13_Reinforcement Learning;SVC_TFIDF_RandomUnder;0.9309481368304897;0.9574076903488666;0.9036226930963773;0.9290118975599919;0.9166666666666666;0.9651162790697675;0.8645833333333334;0.9120879120879122;readme_train.csv;readme_test.csv
13_Sequential;RandomForestClassifier_Count_Vectors_RandomUnder;0.8285768645357686;0.8198650475121063;0.8507507507507508;0.8331613394216134;0.8;0.8;0.8;0.8000000000000002;readme_train.csv;readme_test.csv
13_Graphs;SVC_TFIDF_RandomUnder;0.9089411764705883;0.9051282051282052;0.9206153846153846;0.9114145658263306;0.890625;0.8378378378378378;0.96875;0.8985507246376812;readme_train.csv;readme_test.csv
1_General;SVC_Count_Vectors_RandomUnder;0.5369398357942681;0.5259043260371692;0.751274170473949;0.6185463890957787;0.506872852233677;0.5048899755501223;0.7096219931271478;0.59;readme_train.csv;readme_test.csv
