PipelineID;Pipeline;test_acc_mean;test_prec_mean;test_recall_mean;test_f1-score_mean;acc_overall;prec_overall;recall_overall;f1-score_overall;train_set;validation_set
1_General;SVC_Count_Vectors_RandomUnder;0.548755779700631;0.5446773110082104;0.5914883012598644;0.5665725577862959;0.584192439862543;0.5800653594771242;0.6099656357388317;0.5946398659966499;somef_data_train.csv;somef_data_test.csv
1_Computer Vision;SVC_Count_Vectors_RandomUnder;0.6445410323331991;0.6095017531429654;0.8053935578023339;0.6938056528632303;0.6230053191489362;0.5924075924075924;0.788563829787234;0.6765544780376498;somef_data_train.csv;somef_data_test.csv
1_Natural Language Processing;LR_TFIDF_RandomUnder;0.7791666666666666;0.7422606106877897;0.8555555555555555;0.7947264119870752;0.7472222222222222;0.7354497354497355;0.7722222222222223;0.7533875338753387;somef_data_train.csv;somef_data_test.csv
1_Sequential;SVC_Count_Vectors_RandomUnder;0.596537290715373;0.5614566740780071;0.9003003003003004;0.6907723101287196;0.5777777777777777;0.5432098765432098;0.9777777777777777;0.6984126984126985;somef_data_train.csv;somef_data_test.csv
1_Reinforcement Learning;SVC_TFIDF_RandomUnder;0.8437484084542909;0.816732928318294;0.8907040328092959;0.8504843513771251;0.84375;0.8;0.9166666666666666;0.854368932038835;somef_data_train.csv;somef_data_test.csv
1_Audio;SVC_Count_Vectors_RandomUnder;0.7668292682926829;0.7389682539682539;0.8309523809523809;0.7778522062732589;0.78;0.7333333333333333;0.88;0.8;somef_data_train.csv;somef_data_test.csv
1_Graphs;LR_TFIDF_RandomUnder;0.7437647058823529;0.7238461538461538;0.7963076923076923;0.756027972027972;0.671875;0.6571428571428571;0.71875;0.6865671641791045;somef_data_train.csv;somef_data_test.csv
