PipelineID;Pipeline;test_acc_mean;test_prec_mean;test_recall_mean;test_f1-score_mean;acc_overall;prec_overall;recall_overall;f1-score_overall;train_set;validation_set
58_Audio;KNN_TFIDF_RandomUnder;0.7134146341463414;0.6692987404752111;0.9104761904761904;0.7648470209339775;0.7;0.631578947368421;0.96;0.7619047619047619;somef_data_train.csv;somef_data_test.csv
13_Computer Vision;SVC_Count_Vectors_RandomUnder;0.6362201816589972;0.6055364827359966;0.7820935207655018;0.6825510582358048;0.6190159574468085;0.5910478128179044;0.7726063829787234;0.6697406340057638;somef_data_train.csv;somef_data_test.csv
31_Natural Language Processing;LR_TFIDF_RandomUnder;0.7465277777777779;0.7264261108517409;0.7916666666666667;0.757196192816801;0.7027777777777777;0.6871794871794872;0.7444444444444445;0.7146666666666666;somef_data_train.csv;somef_data_test.csv
13_Reinforcement Learning;SVC_TFIDF_RandomUnder;0.8098972922502334;0.8131281287034244;0.8099111414900889;0.8104926149496112;0.7447916666666666;0.7582417582417582;0.71875;0.7379679144385026;somef_data_train.csv;somef_data_test.csv
13_Sequential;LR_Count_Vectors_RandomUnder;0.6604261796042618;0.6520489439638376;0.7291291291291292;0.6843810754967964;0.6444444444444445;0.6226415094339622;0.7333333333333333;0.673469387755102;somef_data_train.csv;somef_data_test.csv
13_Graphs;SVC_TFIDF_RandomUnder;0.732549019607843;0.7387124505928855;0.7323076923076922;0.7330190755685988;0.703125;0.6756756756756757;0.78125;0.7246376811594203;somef_data_train.csv;somef_data_test.csv
1_General;LR_TFIDF_RandomUnder;0.569373694813367;0.5688804528669041;0.5730121371544603;0.5707730319090009;0.552405498281787;0.5541740674955595;0.5360824742268041;0.5449781659388646;somef_data_train.csv;somef_data_test.csv
