PipelineID;Pipeline;test_acc_mean;test_prec_mean;test_recall_mean;test_f1-score_mean;acc_overall;prec_overall;recall_overall;f1-score_overall;train_set;validation_set
1_Computer Vision;SVC_Count_Vectors_RandomUnder;0.7830119375573921;0.8729411124711002;0.6632976561441539;0.7533610573276759;0.7814569536423841;0.8761061946902655;0.6556291390728477;0.75;somef_data_description_train.csv;somef_data_description_test.csv
1_Natural Language Processing;SVC_TFIDF_RandomUnder;0.8448543170275327;0.8434133736686205;0.8473572938689218;0.8449931600547197;0.7962962962962963;0.7857142857142857;0.8148148148148148;0.7999999999999999;somef_data_description_train.csv;somef_data_description_test.csv
1_General;SVC_Count_Vectors_RandomUnder;0.5588469440164355;0.5474346070201414;0.6855975485188968;0.6085025477233615;0.6136363636363636;0.5954198473282443;0.7090909090909091;0.6473029045643154;somef_data_description_train.csv;somef_data_description_test.csv
1_Sequential;SGDClassifier_Count_Vectors_RandomUnder;0.8666666666666666;0.9333333333333332;0.8;0.8333333333333333;0.625;0.6666666666666666;0.5;0.5714285714285715;somef_data_description_train.csv;somef_data_description_test.csv
